feature,importance_mean,importance_std
AP_HI,0.1437238095238095,0.0039010900273334747
CHOLESTEROL,0.03080476190476191,0.001449129850725285
AGE,0.025466666666666672,0.0012648752100710078
AP_LO,0.0058333333333333345,0.0006425043123459877
WEIGHT,0.002157142857142846,0.0009883791904103623
ACTIVE,0.002128571428571424,0.0004893653625358956
SMOKE,0.000928571428571423,0.0005054128776265547
GLUC,0.0009142857142857119,0.00026410332616881
GENDER,0.0007238095238095377,0.00042152944716822174
HEIGHT,0.0004380952380952263,0.0006909850341796978
ALCO,0.0002571428571428558,0.0002539484119233088
