model,cv_accuracy,test_accuracy,precision,recall,f1,roc_auc,seconds
GradientBoosting tuned,0.7364489585480753,0.7336190476190476,0.7525252525252525,0.6957308938441014,0.7230144583085759,0.8002846740158572,
GradientBoosting,0.7358367099012445,0.7316666666666667,0.7485930625191856,0.6971602820659425,0.721961809838654,0.7994577712515172,7.405309819999957
Stacking,0.7311224479226558,0.7291428571428571,0.7430710095083957,0.7000190585096245,0.7209028459273797,0.79207278017796,18.322089902000016
AdaBoost,0.7303673754516192,0.7259047619047619,0.765107430617726,0.6515151515151515,0.7037570766855378,0.7925689526755764,4.026778924000041
RidgeClassifier,0.7280612409226643,0.7240952380952381,0.7558240801219247,0.6616161616161617,0.7055894308943089,0.7864717851517846,0.2930001559999482
Bagging KNN,0.7210204008506452,0.7184285714285714,0.7413847613025608,0.6703830760434534,0.7040984837111545,0.777643011293863,5.895043646999966
RandomForest,0.7104897860980678,0.7096190476190476,0.7117533718689788,0.7040213455307794,0.7078662450895852,0.7666509578179999,15.487470734999988
ExtraTrees,0.6961632792135131,0.6936190476190476,0.6950048030739674,0.6894415856680007,0.6922120168388826,0.7415493078981867,16.759559358000047
Dummy baseline,0.5003061224492346,0.5002857142857143,0.0,0.0,0.0,0.5,0.15315143200007242
