,coef,std_err,t,p_value,ci_low,ci_high
const,-1.6708301119137943,0.04182473658761673,-39.94837142401719,0.0,-1.7528065069786598,-1.5888537168489287
AGE,0.010149285704230857,0.00025290546477061185,40.13074890823879,0.0,0.009653591529309563,0.010644979879152151
HEIGHT,-0.0007817005750694308,0.0002421057265749762,-3.228757064642793,0.001243867505757789,-0.0012562272860171518,-0.00030717386412170984
WEIGHT,0.002091991386177242,0.00012646678787238617,16.541824311124337,2.3991557455832324e-61,0.0018441167499917083,0.002339866022362776
AP_HI,0.009648525326325574,0.0001500102204632134,64.31911970085835,0.0,0.009354505612161949,0.0099425450404892
AP_LO,0.003993565488751449,0.0002663569855033812,14.993282347013023,9.742653928751017e-51,0.003471506361704212,0.0045156246157986865
GENDER,-0.004103594040497513,0.004193535586023366,-0.9785523352119344,0.32780460274661005,-0.01232291490097141,0.004115726819976385
CHOLESTEROL,0.09411493699372346,0.002793915915666375,33.68567266680829,8.942218724613492e-247,0.08863886772067767,0.09959100626676926
GLUC,-0.020700155810367844,0.0032439422704047065,-6.381172685846022,1.7683140872695148e-10,-0.02705827578487708,-0.014342035835858608
SMOKE,-0.02574916982223312,0.0065130634491338685,-3.953465220065888,7.710312842274212e-05,-0.03851476037820123,-0.01298357926626501
ALCO,-0.03786435198713351,0.007823230235874234,-4.839989473082691,1.3012214571897976e-06,-0.053197866668235096,-0.022530837306031927
ACTIVE,-0.04368842272241022,0.004165845137207174,-10.487289201465465,1.0326262968966547e-25,-0.05185347036189385,-0.03552337508292659
