,count,mean,std,min,25%,50%,75%,max
AGE,70000.0,52.840671428571426,6.766773653742167,29.0,48.0,53.0,58.0,64.0
HEIGHT,70000.0,164.35922857142856,8.210126364538038,55.0,159.0,165.0,170.0,250.0
WEIGHT,70000.0,74.20569,14.395756678511379,10.0,65.0,72.0,82.0,200.0
AP_HI,70000.0,128.8172857142857,154.01141945609137,-150.0,120.0,120.0,140.0,16020.0
AP_LO,70000.0,96.63041428571428,188.47253029639026,-70.0,80.0,80.0,90.0,11000.0
GENDER,70000.0,1.3495714285714286,0.47683801558286387,1.0,1.0,1.0,2.0,2.0
CHOLESTEROL,70000.0,1.3668714285714285,0.680250348699381,1.0,1.0,1.0,2.0,3.0
GLUC,70000.0,1.226457142857143,0.572270276613845,1.0,1.0,1.0,1.0,3.0
SMOKE,70000.0,0.08812857142857143,0.28348381676993517,0.0,0.0,0.0,0.0,1.0
ALCO,70000.0,0.053771428571428574,0.2255677036041049,0.0,0.0,0.0,0.0,1.0
ACTIVE,70000.0,0.8037285714285715,0.3971790635049283,0.0,1.0,1.0,1.0,1.0
CARDIO,70000.0,0.4997,0.5000034814661862,0.0,0.0,0.0,1.0,1.0
